Date,y_true,y_pred,y_pred_prob,model,split,horizon
2016-07-05,1.0,0,0.5859500198258885,logistic_regression,validation,5days
2016-07-06,1.0,0,0.6879304706276774,logistic_regression,validation,5days
2016-07-07,1.0,0,0.824700184335766,logistic_regression,validation,5days
2016-07-08,1.0,0,0.816691178407177,logistic_regression,validation,5days
2016-07-11,1.0,1,0.887240863516386,logistic_regression,validation,5days
2016-07-12,1.0,0,0.7202828342362118,logistic_regression,validation,5days
2016-07-13,1.0,0,0.6271820021343523,logistic_regression,validation,5days
2016-07-14,1.0,0,0.618815465437227,logistic_regression,validation,5days
2016-07-15,1.0,0,0.7632541308198465,logistic_regression,validation,5days
2016-07-18,1.0,0,0.8267350843451325,logistic_regression,validation,5days
2016-07-19,1.0,1,0.8830200703998036,logistic_regression,validation,5days
2016-07-20,1.0,1,0.849450926360377,logistic_regression,validation,5days
2016-07-21,1.0,1,0.861561854279453,logistic_regression,validation,5days
2016-07-22,1.0,0,0.8294876322767658,logistic_regression,validation,5days
2016-07-25,1.0,1,0.8529809277793906,logistic_regression,validation,5days
2016-07-26,1.0,1,0.8638201815652771,logistic_regression,validation,5days
2016-07-27,1.0,1,0.9115527499572493,logistic_regression,validation,5days
2016-07-28,1.0,1,0.9140392137886977,logistic_regression,validation,5days
2016-07-29,1.0,1,0.9458385018551483,logistic_regression,validation,5days
2016-08-01,1.0,1,0.9335865265313569,logistic_regression,validation,5days
2016-08-02,1.0,1,0.9209826346263281,logistic_regression,validation,5days
2016-08-03,1.0,1,0.9222708178274838,logistic_regression,validation,5days
2016-08-04,1.0,1,0.9330726127317841,logistic_regression,validation,5days
2016-08-05,1.0,1,0.9505402683315329,logistic_regression,validation,5days
2016-08-08,1.0,1,0.9535438439520371,logistic_regression,validation,5days
2016-08-09,1.0,1,0.9472109673242447,logistic_regression,validation,5days
2016-08-10,1.0,1,0.941664140416518,logistic_regression,validation,5days
2016-08-11,1.0,1,0.9500785054626271,logistic_regression,validation,5days
2016-08-12,1.0,1,0.9553332986531734,logistic_regression,validation,5days
2016-08-15,1.0,1,0.9533912833704132,logistic_regression,validation,5days
2016-08-16,1.0,1,0.9156716276476593,logistic_regression,validation,5days
2016-08-17,1.0,1,0.9094986569220953,logistic_regression,validation,5days
2016-08-18,1.0,1,0.9208842047208036,logistic_regression,validation,5days
2016-08-19,1.0,1,0.897550445560454,logistic_regression,validation,5days
2016-08-22,1.0,1,0.8987068230743869,logistic_regression,validation,5days
2016-08-23,1.0,1,0.9024192748196004,logistic_regression,validation,5days
2016-08-24,1.0,0,0.8358837832464678,logistic_regression,validation,5days
2016-08-25,1.0,1,0.865393953974347,logistic_regression,validation,5days
2016-08-26,1.0,0,0.7860254931059454,logistic_regression,validation,5days
2016-08-29,1.0,1,0.8724032207465287,logistic_regression,validation,5days
2016-08-30,1.0,0,0.8234089334777217,logistic_regression,validation,5days
2016-08-31,1.0,0,0.6756649651800907,logistic_regression,validation,5days
2016-09-01,0.0,0,0.6494646072188102,logistic_regression,validation,5days
2016-09-02,0.0,0,0.7534713907030005,logistic_regression,validation,5days
2016-09-06,0.0,0,0.7935241098520553,logistic_regression,validation,5days
2016-09-07,0.0,0,0.7432778328083401,logistic_regression,validation,5days
2016-09-08,0.0,0,0.6497885188761172,logistic_regression,validation,5days
2016-09-09,0.0,0,0.2894425508288555,logistic_regression,validation,5days
2016-09-12,0.0,0,0.5877384697675916,logistic_regression,validation,5days
2016-09-13,0.0,0,0.5040614206295393,logistic_regression,validation,5days
2016-09-14,0.0,0,0.4627423845983294,logistic_regression,validation,5days
2016-09-15,0.0,0,0.6083625919923746,logistic_regression,validation,5days
2016-09-16,0.0,0,0.4333952739194564,logistic_regression,validation,5days
2016-09-19,0.0,0,0.4816073824965628,logistic_regression,validation,5days
2016-09-20,0.0,0,0.43360509478494685,logistic_regression,validation,5days
2016-09-21,0.0,0,0.566022365670189,logistic_regression,validation,5days
2016-09-22,0.0,0,0.6613624853040954,logistic_regression,validation,5days
2016-09-23,0.0,0,0.6466791066219023,logistic_regression,validation,5days
2016-09-26,0.0,0,0.41619684043044314,logistic_regression,validation,5days
2016-09-27,0.0,0,0.6013387601420341,logistic_regression,validation,5days
2016-09-28,0.0,0,0.5611459799190955,logistic_regression,validation,5days
2016-09-29,0.0,0,0.515991709389106,logistic_regression,validation,5days
2016-09-30,0.0,0,0.5166565910932336,logistic_regression,validation,5days
2016-10-03,0.0,0,0.4154057954208197,logistic_regression,validation,5days
2016-10-04,0.0,0,0.3774014071989559,logistic_regression,validation,5days
2016-10-05,0.0,0,0.37964122309890425,logistic_regression,validation,5days
2016-10-06,0.0,0,0.40036113618526714,logistic_regression,validation,5days
2016-10-07,0.0,0,0.4411603542977563,logistic_regression,validation,5days
2016-10-10,0.0,0,0.4233527684810664,logistic_regression,validation,5days
2016-10-11,0.0,0,0.33276315818222385,logistic_regression,validation,5days
2016-10-12,0.0,0,0.36719450667216025,logistic_regression,validation,5days
2016-10-13,0.0,0,0.4127284566988787,logistic_regression,validation,5days
2016-10-14,0.0,0,0.3522623748543132,logistic_regression,validation,5days
2016-10-17,0.0,0,0.3765579931821573,logistic_regression,validation,5days
2016-10-18,0.0,0,0.4034573593335911,logistic_regression,validation,5days
2016-10-19,0.0,0,0.4170163019338887,logistic_regression,validation,5days
2016-10-20,0.0,0,0.4067097275666164,logistic_regression,validation,5days
2016-10-21,0.0,0,0.3794942362133877,logistic_regression,validation,5days
2016-10-24,0.0,0,0.27625921330748665,logistic_regression,validation,5days
2016-10-25,0.0,0,0.3032820037832551,logistic_regression,validation,5days
2016-10-26,0.0,0,0.22172950254610788,logistic_regression,validation,5days
2016-10-27,0.0,0,0.2092351224694828,logistic_regression,validation,5days
2016-10-28,0.0,0,0.21324268892862683,logistic_regression,validation,5days
2016-10-31,0.0,0,0.2241306617780823,logistic_regression,validation,5days
2016-11-01,0.0,0,0.15799086442717705,logistic_regression,validation,5days
2016-11-02,0.0,0,0.16769012532932223,logistic_regression,validation,5days
2016-11-03,0.0,0,0.1352235740391117,logistic_regression,validation,5days
2016-11-04,1.0,0,0.13855070135400704,logistic_regression,validation,5days
2016-11-07,1.0,0,0.4934999562792187,logistic_regression,validation,5days
2016-11-08,1.0,0,0.555904154416204,logistic_regression,validation,5days
2016-11-09,1.0,0,0.6511707074789873,logistic_regression,validation,5days
2016-11-10,1.0,0,0.6313808507692644,logistic_regression,validation,5days
2016-11-11,1.0,0,0.6674528787791527,logistic_regression,validation,5days
2016-11-14,1.0,0,0.7694868517292334,logistic_regression,validation,5days
2016-11-15,1.0,0,0.8326003523604725,logistic_regression,validation,5days
2016-11-16,1.0,1,0.8558691674685959,logistic_regression,validation,5days
2016-11-17,1.0,1,0.8374011846190001,logistic_regression,validation,5days
2016-11-18,1.0,0,0.7636456573358203,logistic_regression,validation,5days
2016-11-21,1.0,0,0.7194062083832927,logistic_regression,validation,5days
2016-11-22,1.0,0,0.7928219201664874,logistic_regression,validation,5days
2016-11-23,1.0,0,0.8271981253352372,logistic_regression,validation,5days
2016-11-25,1.0,1,0.8837329277817341,logistic_regression,validation,5days
2016-11-28,1.0,1,0.8718814969737538,logistic_regression,validation,5days
2016-11-29,1.0,1,0.9004173173251959,logistic_regression,validation,5days
2016-11-30,1.0,1,0.9213865742172408,logistic_regression,validation,5days
2016-12-01,1.0,1,0.908352461886647,logistic_regression,validation,5days
2016-12-02,1.0,1,0.925828610673006,logistic_regression,validation,5days
2016-12-05,1.0,1,0.9403471512422185,logistic_regression,validation,5days
2016-12-06,1.0,1,0.9513945557444767,logistic_regression,validation,5days
2016-12-07,1.0,1,0.961697307123775,logistic_regression,validation,5days
2016-12-08,1.0,1,0.9687132999843046,logistic_regression,validation,5days
2016-12-09,1.0,1,0.9673885842627119,logistic_regression,validation,5days
2016-12-12,1.0,1,0.9747089662947058,logistic_regression,validation,5days
2016-12-13,1.0,1,0.9766202225227572,logistic_regression,validation,5days
2016-12-14,1.0,1,0.9655811823243652,logistic_regression,validation,5days
2016-12-15,1.0,1,0.9649279077048284,logistic_regression,validation,5days
2016-12-16,1.0,1,0.9547743331192958,logistic_regression,validation,5days
2016-12-19,1.0,1,0.9418431689793236,logistic_regression,validation,5days
2016-12-20,1.0,1,0.9556378145131845,logistic_regression,validation,5days
2016-12-21,1.0,1,0.9356799539612236,logistic_regression,validation,5days
2016-12-22,1.0,1,0.9521250524959888,logistic_regression,validation,5days
2016-12-23,1.0,1,0.9580013122408965,logistic_regression,validation,5days
2016-12-27,1.0,1,0.965982934274538,logistic_regression,validation,5days
2016-12-28,1.0,1,0.9354919552636904,logistic_regression,validation,5days
2016-12-29,1.0,1,0.9400968684719574,logistic_regression,validation,5days
2016-12-30,1.0,1,0.9078868689226114,logistic_regression,validation,5days
2017-01-03,1.0,1,0.9324658094062842,logistic_regression,validation,5days
2017-01-04,1.0,1,0.9441861769490185,logistic_regression,validation,5days
2017-01-05,1.0,1,0.9293057691096864,logistic_regression,validation,5days
2017-01-06,1.0,1,0.9462744879959952,logistic_regression,validation,5days
2017-01-09,1.0,1,0.9071488788761393,logistic_regression,validation,5days
2017-01-10,1.0,1,0.9153878768785894,logistic_regression,validation,5days
2017-01-11,1.0,1,0.9419315648424367,logistic_regression,validation,5days
2017-01-12,1.0,1,0.9420132339727891,logistic_regression,validation,5days
2017-01-13,1.0,1,0.9460939483621477,logistic_regression,validation,5days
2017-01-17,1.0,1,0.9177073820284055,logistic_regression,validation,5days
2017-01-18,1.0,1,0.9033311358549674,logistic_regression,validation,5days
2017-01-19,1.0,1,0.8769503359439091,logistic_regression,validation,5days
2017-01-20,1.0,1,0.9057817933117245,logistic_regression,validation,5days
2017-01-23,1.0,1,0.8791033438628086,logistic_regression,validation,5days
2017-01-24,1.0,1,0.9183593901315602,logistic_regression,validation,5days
2017-01-25,1.0,1,0.9292525999458654,logistic_regression,validation,5days
2017-01-26,1.0,1,0.9145908471234382,logistic_regression,validation,5days
2017-01-27,1.0,1,0.9144087298630224,logistic_regression,validation,5days
2017-01-30,1.0,0,0.8340402549328939,logistic_regression,validation,5days
2017-01-31,1.0,1,0.8645413220317529,logistic_regression,validation,5days
2017-02-01,1.0,1,0.8826579824700974,logistic_regression,validation,5days
2017-02-02,1.0,1,0.9099889973397208,logistic_regression,validation,5days
2017-02-03,1.0,1,0.9400942516743865,logistic_regression,validation,5days
2017-02-06,1.0,1,0.9182601182987581,logistic_regression,validation,5days
2017-02-07,1.0,1,0.9211166820694767,logistic_regression,validation,5days
2017-02-08,1.0,1,0.9394965149328359,logistic_regression,validation,5days
2017-02-09,1.0,1,0.9681501964817955,logistic_regression,validation,5days
2017-02-10,1.0,1,0.9782871049006598,logistic_regression,validation,5days
2017-02-13,1.0,1,0.9824469475793676,logistic_regression,validation,5days
2017-02-14,1.0,1,0.9765883288508507,logistic_regression,validation,5days
2017-02-15,1.0,1,0.9814911629829035,logistic_regression,validation,5days
2017-02-16,1.0,1,0.9825382559702917,logistic_regression,validation,5days
2017-02-17,1.0,1,0.9862308158070142,logistic_regression,validation,5days
2017-02-21,1.0,1,0.9893191795855794,logistic_regression,validation,5days
2017-02-22,1.0,1,0.9889356832086112,logistic_regression,validation,5days
2017-02-23,1.0,1,0.990332192374852,logistic_regression,validation,5days
2017-02-24,1.0,1,0.9894988108782166,logistic_regression,validation,5days
2017-02-27,1.0,1,0.9908041676024204,logistic_regression,validation,5days
2017-02-28,1.0,1,0.9865308024266559,logistic_regression,validation,5days
2017-03-01,1.0,1,0.984802085227084,logistic_regression,validation,5days
2017-03-02,1.0,1,0.9681066967097294,logistic_regression,validation,5days
2017-03-03,1.0,1,0.9755043402057164,logistic_regression,validation,5days
2017-03-06,1.0,1,0.9671101670962734,logistic_regression,validation,5days
2017-03-07,1.0,1,0.9623854124113742,logistic_regression,validation,5days
2017-03-08,1.0,1,0.9627419207659749,logistic_regression,validation,5days
2017-03-09,1.0,1,0.9586403496295905,logistic_regression,validation,5days
2017-03-10,1.0,1,0.9638912781946797,logistic_regression,validation,5days
2017-03-13,1.0,1,0.9612141487958493,logistic_regression,validation,5days
2017-03-14,1.0,1,0.9191549332371007,logistic_regression,validation,5days
2017-03-15,1.0,1,0.9352059838462194,logistic_regression,validation,5days
2017-03-16,1.0,1,0.9443147171023745,logistic_regression,validation,5days
2017-03-17,1.0,1,0.9389378809589787,logistic_regression,validation,5days
2017-03-20,1.0,1,0.9281803943944498,logistic_regression,validation,5days
2017-03-21,1.0,0,0.8079637733138072,logistic_regression,validation,5days
2017-03-22,1.0,0,0.8335677807002727,logistic_regression,validation,5days
2017-03-23,1.0,0,0.791513820423442,logistic_regression,validation,5days
2017-03-24,1.0,0,0.7680905608710198,logistic_regression,validation,5days
2017-03-27,1.0,0,0.7400468180639087,logistic_regression,validation,5days
2017-03-28,1.0,0,0.8157189787551304,logistic_regression,validation,5days
2017-03-29,1.0,0,0.8296962364913875,logistic_regression,validation,5days
2017-03-30,1.0,1,0.8726435447157573,logistic_regression,validation,5days
2017-03-31,1.0,0,0.81614689772114,logistic_regression,validation,5days
2017-04-03,1.0,0,0.7702511279790965,logistic_regression,validation,5days
2017-04-04,1.0,0,0.8010842674542547,logistic_regression,validation,5days
2017-04-05,1.0,0,0.628707294791902,logistic_regression,validation,5days
2017-04-06,1.0,0,0.7011398195062365,logistic_regression,validation,5days
2017-04-07,1.0,0,0.5993464140816258,logistic_regression,validation,5days
2017-04-10,1.0,0,0.5668947561611182,logistic_regression,validation,5days
2017-04-11,1.0,0,0.5149287632317245,logistic_regression,validation,5days
2017-04-12,1.0,0,0.4241140080421357,logistic_regression,validation,5days
2017-04-13,1.0,0,0.3347769238423543,logistic_regression,validation,5days
2017-04-17,1.0,0,0.6501289676047107,logistic_regression,validation,5days
2017-04-18,1.0,0,0.6133265545200581,logistic_regression,validation,5days
2017-04-19,1.0,0,0.5579309981009207,logistic_regression,validation,5days
2017-04-20,1.0,0,0.7263798657426921,logistic_regression,validation,5days
2017-04-21,1.0,0,0.6193508784279608,logistic_regression,validation,5days
2017-04-24,1.0,0,0.8141341796595029,logistic_regression,validation,5days
2017-04-25,1.0,0,0.8268875037112839,logistic_regression,validation,5days
2017-04-26,1.0,1,0.8401851091555222,logistic_regression,validation,5days
2017-04-27,1.0,1,0.8748248003586945,logistic_regression,validation,5days
2017-04-28,1.0,1,0.8472989063091826,logistic_regression,validation,5days
2017-05-01,1.0,1,0.8496151547593142,logistic_regression,validation,5days
2017-05-02,1.0,1,0.9015210429830196,logistic_regression,validation,5days
2017-05-03,1.0,1,0.913391107728607,logistic_regression,validation,5days
2017-05-04,1.0,1,0.8877264652173703,logistic_regression,validation,5days
2017-05-05,1.0,1,0.8960294196040158,logistic_regression,validation,5days
2017-05-08,1.0,1,0.8799663991119148,logistic_regression,validation,5days
2017-05-09,1.0,1,0.887449316945933,logistic_regression,validation,5days
2017-05-10,1.0,1,0.9102449785892518,logistic_regression,validation,5days
2017-05-11,1.0,1,0.8728340420435,logistic_regression,validation,5days
2017-05-12,1.0,1,0.8612973337311886,logistic_regression,validation,5days
2017-05-15,1.0,1,0.9218203096926318,logistic_regression,validation,5days
2017-05-16,1.0,1,0.9208264491836294,logistic_regression,validation,5days
2017-05-17,1.0,0,0.6196269284041138,logistic_regression,validation,5days
2017-05-18,1.0,0,0.6831873905980475,logistic_regression,validation,5days
2017-05-19,1.0,0,0.8185392064045032,logistic_regression,validation,5days
2017-05-22,1.0,1,0.8933310931294361,logistic_regression,validation,5days
2017-05-23,1.0,1,0.9055386442892571,logistic_regression,validation,5days
2017-05-24,1.0,1,0.8820164272809247,logistic_regression,validation,5days
2017-05-25,1.0,1,0.9120501679712755,logistic_regression,validation,5days
2017-05-26,1.0,1,0.926714860578589,logistic_regression,validation,5days
2017-05-30,1.0,1,0.9196386809374705,logistic_regression,validation,5days
2017-05-31,1.0,1,0.9398177247963093,logistic_regression,validation,5days
2017-06-01,1.0,1,0.9580108377375912,logistic_regression,validation,5days
2017-06-02,1.0,1,0.9454463506483923,logistic_regression,validation,5days
2017-06-05,1.0,1,0.9269546240257804,logistic_regression,validation,5days
2017-06-06,1.0,1,0.9195238838994173,logistic_regression,validation,5days
2017-06-07,1.0,1,0.9315222591027912,logistic_regression,validation,5days
2017-06-08,1.0,1,0.9469698980741886,logistic_regression,validation,5days
2017-06-09,1.0,1,0.9472500463078917,logistic_regression,validation,5days
2017-06-12,1.0,1,0.9392648524506615,logistic_regression,validation,5days
2017-06-13,1.0,1,0.9600636562700711,logistic_regression,validation,5days
2017-06-14,1.0,1,0.9424939932077593,logistic_regression,validation,5days
2017-06-15,1.0,1,0.9131027825855839,logistic_regression,validation,5days
2017-06-16,1.0,1,0.9239561360457873,logistic_regression,validation,5days
2017-06-19,1.0,1,0.9533085365030186,logistic_regression,validation,5days
2017-06-20,1.0,1,0.8943681358490663,logistic_regression,validation,5days
2017-06-21,1.0,1,0.8986137115610605,logistic_regression,validation,5days
2017-06-22,1.0,1,0.8757848541042795,logistic_regression,validation,5days
2017-06-23,1.0,1,0.8979933421401082,logistic_regression,validation,5days
2017-06-26,1.0,1,0.913275743920252,logistic_regression,validation,5days
2017-06-27,1.0,0,0.7181796547417421,logistic_regression,validation,5days
2017-06-28,1.0,1,0.849690356996527,logistic_regression,validation,5days
2017-06-29,1.0,0,0.757731122273662,logistic_regression,validation,5days
2017-06-30,1.0,0,0.7855557019376156,logistic_regression,validation,5days
2017-07-03,1.0,0,0.8169224451502594,logistic_regression,validation,5days
2017-07-05,1.0,0,0.8362687883614925,logistic_regression,validation,5days
2017-07-06,1.0,0,0.7606983639921113,logistic_regression,validation,5days
2017-07-07,1.0,0,0.817559139196706,logistic_regression,validation,5days
2017-07-10,1.0,1,0.8382811280682136,logistic_regression,validation,5days
2017-07-11,1.0,1,0.8427240853421226,logistic_regression,validation,5days
2017-07-12,1.0,1,0.8993994562083687,logistic_regression,validation,5days
2017-07-13,1.0,1,0.8735109987349073,logistic_regression,validation,5days
2017-07-14,1.0,1,0.9199419981261553,logistic_regression,validation,5days
2017-07-17,1.0,1,0.9076907215996264,logistic_regression,validation,5days
2017-07-18,1.0,1,0.9159146791414886,logistic_regression,validation,5days
2017-07-19,1.0,1,0.9351867273163118,logistic_regression,validation,5days
2017-07-20,1.0,1,0.9461421800882923,logistic_regression,validation,5days
2017-07-21,1.0,1,0.937198058835202,logistic_regression,validation,5days
2017-07-24,1.0,1,0.9319120282419716,logistic_regression,validation,5days
2017-07-25,1.0,1,0.9452950557376371,logistic_regression,validation,5days
2017-07-26,1.0,1,0.9449825543423513,logistic_regression,validation,5days
2017-07-27,1.0,1,0.9605991440995919,logistic_regression,validation,5days
2017-07-28,1.0,1,0.9359843152759433,logistic_regression,validation,5days
2017-07-31,1.0,1,0.9158617670494379,logistic_regression,validation,5days
2017-08-01,1.0,1,0.9388028936754877,logistic_regression,validation,5days
2017-08-02,1.0,1,0.9420222850166889,logistic_regression,validation,5days
2017-08-03,1.0,1,0.9292028231931944,logistic_regression,validation,5days
2017-08-04,1.0,1,0.9417276763516367,logistic_regression,validation,5days
2017-08-07,1.0,1,0.9415428767623094,logistic_regression,validation,5days
2017-08-08,1.0,1,0.8751514463071312,logistic_regression,validation,5days
2017-08-09,1.0,1,0.8893124973536736,logistic_regression,validation,5days
2017-08-10,1.0,0,0.48704375898469315,logistic_regression,validation,5days
2017-08-11,1.0,0,0.5066690414143379,logistic_regression,validation,5days
2017-08-14,1.0,0,0.7816500740193937,logistic_regression,validation,5days
2017-08-15,1.0,0,0.7519660979126174,logistic_regression,validation,5days
2017-08-16,1.0,0,0.7689472573840982,logistic_regression,validation,5days
2017-08-17,1.0,0,0.43706380499156167,logistic_regression,validation,5days
2017-08-18,1.0,0,0.44701421260266244,logistic_regression,validation,5days
2017-08-21,1.0,0,0.5934959846593125,logistic_regression,validation,5days
2017-08-22,1.0,0,0.7761357075363734,logistic_regression,validation,5days
2017-08-23,1.0,0,0.7439619235333524,logistic_regression,validation,5days
2017-08-24,1.0,0,0.6660757264498692,logistic_regression,validation,5days
2017-08-25,1.0,0,0.5677322869212553,logistic_regression,validation,5days
2017-08-28,1.0,0,0.567026701545784,logistic_regression,validation,5days
2017-08-29,1.0,0,0.6990394980446764,logistic_regression,validation,5days
2017-08-30,1.0,0,0.7895550760781955,logistic_regression,validation,5days
2017-08-31,1.0,1,0.8569997689511218,logistic_regression,validation,5days
2017-09-01,1.0,1,0.8398292270526183,logistic_regression,validation,5days
2017-09-05,1.0,0,0.7133063928411237,logistic_regression,validation,5days
2017-09-06,1.0,0,0.7469941747437637,logistic_regression,validation,5days
2017-09-07,1.0,0,0.8246816699244283,logistic_regression,validation,5days
2017-09-08,1.0,0,0.7969307058389028,logistic_regression,validation,5days
2017-09-11,1.0,1,0.8683284483428758,logistic_regression,validation,5days
2017-09-12,1.0,1,0.8690889661764271,logistic_regression,validation,5days
2017-09-13,1.0,1,0.8704751840093636,logistic_regression,validation,5days
2017-09-14,1.0,1,0.8671732537068148,logistic_regression,validation,5days
2017-09-15,1.0,1,0.8643414131892391,logistic_regression,validation,5days
2017-09-18,1.0,1,0.9059821458303426,logistic_regression,validation,5days
2017-09-19,1.0,1,0.9318130973552131,logistic_regression,validation,5days
2017-09-20,1.0,1,0.9413706116248503,logistic_regression,validation,5days
2017-09-21,1.0,1,0.909114852668653,logistic_regression,validation,5days
2017-09-22,1.0,1,0.9270206782067242,logistic_regression,validation,5days
2017-09-25,1.0,1,0.9101853951030557,logistic_regression,validation,5days
2017-09-26,1.0,1,0.9328550510890667,logistic_regression,validation,5days
2017-09-27,1.0,1,0.9601811012309517,logistic_regression,validation,5days
2017-09-28,1.0,1,0.9684219270050152,logistic_regression,validation,5days
2017-09-29,1.0,1,0.9778819785518825,logistic_regression,validation,5days
2017-10-02,1.0,1,0.9785445510977581,logistic_regression,validation,5days
2017-10-03,1.0,1,0.9819090361516664,logistic_regression,validation,5days
2017-10-04,1.0,1,0.9862037460115414,logistic_regression,validation,5days
2017-10-05,1.0,1,0.988122470042771,logistic_regression,validation,5days
2017-10-06,1.0,1,0.9857648584814694,logistic_regression,validation,5days
2017-10-09,1.0,1,0.984933505304381,logistic_regression,validation,5days
2017-10-10,1.0,1,0.9866736526660885,logistic_regression,validation,5days
2017-10-11,1.0,1,0.9892429697799319,logistic_regression,validation,5days
2017-10-12,1.0,1,0.9860410606139869,logistic_regression,validation,5days
2017-10-13,1.0,1,0.9850235281890318,logistic_regression,validation,5days
2017-10-16,1.0,1,0.988201798530458,logistic_regression,validation,5days
2017-10-17,1.0,1,0.9903957194778639,logistic_regression,validation,5days
2017-10-18,1.0,1,0.9920324517522368,logistic_regression,validation,5days
2017-10-19,1.0,1,0.9927604336191593,logistic_regression,validation,5days
2017-10-20,1.0,1,0.9948663296257447,logistic_regression,validation,5days
2017-10-23,1.0,1,0.9839677657663352,logistic_regression,validation,5days
2017-10-24,1.0,1,0.9862316620574262,logistic_regression,validation,5days
2017-10-25,1.0,1,0.9663162235265301,logistic_regression,validation,5days
2017-10-26,1.0,1,0.9740268026753237,logistic_regression,validation,5days
2017-10-27,1.0,1,0.9850022426741851,logistic_regression,validation,5days
2017-10-30,1.0,1,0.9707606224166669,logistic_regression,validation,5days
2017-10-31,1.0,1,0.9755664050001815,logistic_regression,validation,5days
2017-11-01,1.0,1,0.9777257252202215,logistic_regression,validation,5days
2017-11-02,1.0,1,0.9758081162232825,logistic_regression,validation,5days
2017-11-03,1.0,1,0.9835209021431208,logistic_regression,validation,5days
2017-11-06,1.0,1,0.9846145061197847,logistic_regression,validation,5days
2017-11-07,1.0,1,0.9819348348511096,logistic_regression,validation,5days
2017-11-08,1.0,1,0.9860052810608986,logistic_regression,validation,5days
2017-11-09,1.0,1,0.9595849767788109,logistic_regression,validation,5days
2017-11-10,1.0,1,0.9531868100129645,logistic_regression,validation,5days
2017-11-13,1.0,1,0.9608912538035639,logistic_regression,validation,5days
2017-11-14,1.0,1,0.9380807313670008,logistic_regression,validation,5days
2017-11-15,1.0,0,0.8334853924898227,logistic_regression,validation,5days
2017-11-16,1.0,1,0.938031543177726,logistic_regression,validation,5days
2017-11-17,1.0,1,0.9263627737298454,logistic_regression,validation,5days
2017-11-20,1.0,1,0.9447212041554548,logistic_regression,validation,5days
2017-11-21,1.0,1,0.9661602958259771,logistic_regression,validation,5days
2017-11-22,1.0,1,0.9545092285036676,logistic_regression,validation,5days
2017-11-24,1.0,1,0.9651854229466187,logistic_regression,validation,5days
2017-11-27,1.0,1,0.9650616944705075,logistic_regression,validation,5days
2017-11-28,1.0,1,0.9753681667897112,logistic_regression,validation,5days
2017-11-29,1.0,1,0.9806298549328485,logistic_regression,validation,5days
2017-11-30,1.0,1,0.9822203662085335,logistic_regression,validation,5days
2017-12-01,1.0,1,0.9706502507044632,logistic_regression,validation,5days
2017-12-04,1.0,1,0.9699990507503707,logistic_regression,validation,5days
2017-12-05,1.0,1,0.9620727153116752,logistic_regression,validation,5days
2017-12-06,1.0,1,0.9663927837591786,logistic_regression,validation,5days
2017-12-07,1.0,1,0.9789613662564008,logistic_regression,validation,5days
2017-12-08,1.0,1,0.9803841337445134,logistic_regression,validation,5days
2017-12-11,1.0,1,0.9820086342511313,logistic_regression,validation,5days
2017-12-12,1.0,1,0.9812121581457215,logistic_regression,validation,5days
2017-12-13,1.0,1,0.9841954772501724,logistic_regression,validation,5days
2017-12-14,1.0,1,0.9720511063353406,logistic_regression,validation,5days
2017-12-15,1.0,1,0.9800791876680537,logistic_regression,validation,5days
2017-12-18,1.0,1,0.9779372748039911,logistic_regression,validation,5days
2017-12-19,1.0,1,0.9709962337511391,logistic_regression,validation,5days
2017-12-20,1.0,1,0.968822478914949,logistic_regression,validation,5days
2017-12-21,1.0,1,0.9715020661480734,logistic_regression,validation,5days
2017-12-22,1.0,1,0.9807767890747578,logistic_regression,validation,5days
2017-12-26,1.0,1,0.9847640922336676,logistic_regression,validation,5days
2017-12-27,1.0,1,0.987551135013809,logistic_regression,validation,5days
2017-12-28,1.0,1,0.9895856911936287,logistic_regression,validation,5days
2017-12-29,1.0,1,0.9826000892036513,logistic_regression,validation,5days
2018-01-02,1.0,1,0.9803184107613369,logistic_regression,validation,5days
2018-01-03,1.0,1,0.9882749277347312,logistic_regression,validation,5days
2018-01-04,1.0,1,0.9896855524769979,logistic_regression,validation,5days
2018-01-05,1.0,1,0.9872352948661771,logistic_regression,validation,5days
2018-01-08,1.0,1,0.9886961153298439,logistic_regression,validation,5days
2018-01-09,1.0,1,0.9936263711358582,logistic_regression,validation,5days
2018-01-10,1.0,1,0.9950600058030158,logistic_regression,validation,5days
2018-01-11,1.0,1,0.9937182453421347,logistic_regression,validation,5days
2018-01-12,1.0,1,0.9949897628500408,logistic_regression,validation,5days
2018-01-16,1.0,1,0.9949423186928578,logistic_regression,validation,5days
2018-01-17,1.0,1,0.991245862690902,logistic_regression,validation,5days
2018-01-18,1.0,1,0.9918105313597987,logistic_regression,validation,5days
2018-01-19,1.0,1,0.9947719675703194,logistic_regression,validation,5days
2018-01-22,1.0,1,0.9957755779229033,logistic_regression,validation,5days
2018-01-23,1.0,1,0.9903813382974685,logistic_regression,validation,5days
2018-01-24,0.0,1,0.9909212522738439,logistic_regression,validation,5days
2018-01-25,0.0,1,0.993690908217422,logistic_regression,validation,5days
2018-01-26,0.0,1,0.9661957302331954,logistic_regression,validation,5days
2018-01-29,0.0,1,0.9181398798156185,logistic_regression,validation,5days
2018-01-30,0.0,1,0.8440451028974291,logistic_regression,validation,5days
2018-01-31,0.0,0,0.7848080196509867,logistic_regression,validation,5days
2018-02-01,0.0,0,0.8008971172798584,logistic_regression,validation,5days
2018-02-02,0.0,0,0.7834524525966655,logistic_regression,validation,5days
2018-02-05,0.0,1,0.8826325831838528,logistic_regression,validation,5days
2018-02-06,0.0,1,0.9037526295640155,logistic_regression,validation,5days
2018-02-07,0.0,1,0.9276472123786754,logistic_regression,validation,5days
2018-02-08,0.0,1,0.9843641960823322,logistic_regression,validation,5days
2018-02-09,0.0,1,0.9564049286161816,logistic_regression,validation,5days
2018-02-12,0.0,1,0.9053459087501486,logistic_regression,validation,5days
2018-02-13,0.0,1,0.9252838689261415,logistic_regression,validation,5days
2018-02-14,0.0,1,0.8812147497285121,logistic_regression,validation,5days
2018-02-15,0.0,0,0.5538334370784911,logistic_regression,validation,5days
2018-02-16,0.0,0,0.5738381243293916,logistic_regression,validation,5days
2018-02-20,0.0,0,0.5848505803790488,logistic_regression,validation,5days
2018-02-21,0.0,0,0.4250917681556638,logistic_regression,validation,5days
2018-02-22,0.0,0,0.5627208481918041,logistic_regression,validation,5days
2018-02-23,0.0,0,0.3678089847829604,logistic_regression,validation,5days
2018-02-26,0.0,0,0.1199029451531299,logistic_regression,validation,5days
2018-02-27,0.0,0,0.19189295426041822,logistic_regression,validation,5days
2018-02-28,0.0,0,0.32317768588566687,logistic_regression,validation,5days
2018-03-01,0.0,0,0.41708199846543453,logistic_regression,validation,5days
2018-03-02,0.0,0,0.5354832848667905,logistic_regression,validation,5days
2018-03-05,0.0,0,0.6113631327097534,logistic_regression,validation,5days
2018-03-06,0.0,0,0.4960052075902022,logistic_regression,validation,5days
2018-03-07,0.0,0,0.4069199731286281,logistic_regression,validation,5days
2018-03-08,0.0,0,0.34029658520606154,logistic_regression,validation,5days
2018-03-09,0.0,0,0.17730459871910847,logistic_regression,validation,5days
2018-03-12,0.0,0,0.14926324777564953,logistic_regression,validation,5days
2018-03-13,0.0,0,0.32028684929410156,logistic_regression,validation,5days
2018-03-14,0.0,0,0.30436192430254605,logistic_regression,validation,5days
2018-03-15,0.0,0,0.2122241664615265,logistic_regression,validation,5days
2018-03-16,0.0,0,0.2759469851661204,logistic_regression,validation,5days
2018-03-19,0.0,0,0.23197966384326826,logistic_regression,validation,5days
2018-03-20,0.0,0,0.1786917096876622,logistic_regression,validation,5days
2018-03-21,0.0,0,0.16789906425913792,logistic_regression,validation,5days
2018-03-22,0.0,0,0.4199196529086049,logistic_regression,validation,5days
2018-03-23,0.0,0,0.649408052645608,logistic_regression,validation,5days
2018-03-26,0.0,0,0.4123617791199239,logistic_regression,validation,5days
2018-03-27,0.0,0,0.720008468735377,logistic_regression,validation,5days
2018-03-28,0.0,0,0.6610403489727881,logistic_regression,validation,5days
2018-03-29,0.0,0,0.4248504056608118,logistic_regression,validation,5days
2018-04-02,0.0,0,0.5713324486492569,logistic_regression,validation,5days
2018-04-03,0.0,0,0.544350712857391,logistic_regression,validation,5days
2018-04-04,0.0,0,0.3332223159562125,logistic_regression,validation,5days
2018-04-05,0.0,0,0.3200139168098883,logistic_regression,validation,5days
2018-04-06,0.0,0,0.7494732471862966,logistic_regression,validation,5days
2018-04-09,0.0,0,0.4186588205861248,logistic_regression,validation,5days
2018-04-10,0.0,0,0.2099156021213312,logistic_regression,validation,5days
2018-04-11,0.0,0,0.39984688134336477,logistic_regression,validation,5days
2018-04-12,0.0,0,0.1954191981431118,logistic_regression,validation,5days
2018-04-13,0.0,0,0.143725957190858,logistic_regression,validation,5days
2018-04-16,0.0,0,0.15412963726985665,logistic_regression,validation,5days
2018-04-17,0.0,0,0.06744833140317633,logistic_regression,validation,5days
2018-04-18,0.0,0,0.07974854783375387,logistic_regression,validation,5days
2018-04-19,0.0,0,0.1518788211524013,logistic_regression,validation,5days
2018-04-20,0.0,0,0.19540531657976015,logistic_regression,validation,5days
2018-04-23,0.0,0,0.1493153604639439,logistic_regression,validation,5days
2018-04-24,0.0,0,0.3118604675365845,logistic_regression,validation,5days
2018-04-25,0.0,0,0.3480420516649725,logistic_regression,validation,5days
2018-04-26,0.0,0,0.22737724836312564,logistic_regression,validation,5days
2018-04-27,1.0,0,0.2742888788773343,logistic_regression,validation,5days
2018-04-30,1.0,0,0.36304523169492486,logistic_regression,validation,5days
2018-05-01,1.0,0,0.3977388250747062,logistic_regression,validation,5days
2018-05-02,1.0,0,0.5799271105188837,logistic_regression,validation,5days
2018-05-03,1.0,0,0.7245319737349925,logistic_regression,validation,5days
2018-05-04,1.0,0,0.6767552384473816,logistic_regression,validation,5days
2018-05-07,1.0,0,0.5632884705323858,logistic_regression,validation,5days
2018-05-08,1.0,0,0.6411339451002332,logistic_regression,validation,5days
2018-05-09,1.0,0,0.44756121716846586,logistic_regression,validation,5days
2018-05-10,1.0,0,0.3805743079199555,logistic_regression,validation,5days
2018-05-11,1.0,0,0.5234161870970707,logistic_regression,validation,5days
2018-05-14,1.0,0,0.6405318204074305,logistic_regression,validation,5days
2018-05-15,1.0,0,0.5544140115920922,logistic_regression,validation,5days
2018-05-16,1.0,0,0.6513646229334249,logistic_regression,validation,5days
2018-05-17,1.0,0,0.6116826942520152,logistic_regression,validation,5days
2018-05-18,1.0,0,0.5863536880767855,logistic_regression,validation,5days
2018-05-21,1.0,0,0.6297958409325655,logistic_regression,validation,5days
2018-05-22,1.0,0,0.5896229396012225,logistic_regression,validation,5days
2018-05-23,1.0,0,0.6425631514847046,logistic_regression,validation,5days
2018-05-24,1.0,0,0.7274122196139898,logistic_regression,validation,5days
2018-05-25,1.0,0,0.788565623996447,logistic_regression,validation,5days
2018-05-29,1.0,0,0.8218653709110816,logistic_regression,validation,5days
2018-05-30,1.0,1,0.8466382216211118,logistic_regression,validation,5days
2018-05-31,1.0,1,0.8557145203572089,logistic_regression,validation,5days
2018-06-01,1.0,1,0.8419629586699274,logistic_regression,validation,5days
2018-06-04,1.0,1,0.8381078934584352,logistic_regression,validation,5days
2018-06-05,1.0,0,0.8092617629650407,logistic_regression,validation,5days
2018-06-06,1.0,0,0.8224918779476098,logistic_regression,validation,5days
2018-06-07,1.0,1,0.8367355195427263,logistic_regression,validation,5days
2018-06-08,1.0,1,0.8671634312496338,logistic_regression,validation,5days
2018-06-11,1.0,1,0.9029652067834409,logistic_regression,validation,5days
2018-06-12,1.0,1,0.8870782581581264,logistic_regression,validation,5days
2018-06-13,1.0,1,0.8556989840004856,logistic_regression,validation,5days
2018-06-14,1.0,1,0.8490905955472413,logistic_regression,validation,5days
2018-06-15,1.0,0,0.8174420771547545,logistic_regression,validation,5days
2018-06-18,1.0,0,0.8002772343813054,logistic_regression,validation,5days
2018-06-19,1.0,0,0.807252777351548,logistic_regression,validation,5days
2018-06-20,1.0,0,0.7540765934061936,logistic_regression,validation,5days
2018-06-21,1.0,0,0.7176640991995826,logistic_regression,validation,5days
2018-06-22,1.0,0,0.7188506813186168,logistic_regression,validation,5days
2018-06-25,1.0,0,0.6826080678357842,logistic_regression,validation,5days
2018-06-26,1.0,0,0.744575560207976,logistic_regression,validation,5days
2018-06-27,1.0,0,0.7486507305506043,logistic_regression,validation,5days
2018-06-28,1.0,0,0.7625306857141961,logistic_regression,validation,5days
2018-06-29,1.0,0,0.8163913915346249,logistic_regression,validation,5days
2018-07-02,1.0,0,0.7688534545852144,logistic_regression,validation,5days
2018-07-03,1.0,0,0.7672590962767541,logistic_regression,validation,5days
2018-07-05,1.0,0,0.7951452973899622,logistic_regression,validation,5days
2018-07-06,1.0,1,0.8458725967045329,logistic_regression,validation,5days
2018-07-09,1.0,0,0.8089423450574106,logistic_regression,validation,5days
2018-07-10,1.0,0,0.814181255897275,logistic_regression,validation,5days
2018-07-11,1.0,0,0.6998305498638226,logistic_regression,validation,5days
2018-07-12,1.0,0,0.7398287765599444,logistic_regression,validation,5days
2018-07-13,1.0,0,0.7819159357452091,logistic_regression,validation,5days
2018-07-16,1.0,1,0.8384028266574624,logistic_regression,validation,5days
2018-07-17,1.0,0,0.8224473134531174,logistic_regression,validation,5days
2018-07-18,1.0,0,0.8076256819515607,logistic_regression,validation,5days
2018-07-19,1.0,0,0.7688990321292773,logistic_regression,validation,5days
2018-07-20,1.0,0,0.784184770473108,logistic_regression,validation,5days
2018-07-23,1.0,0,0.8130628404867407,logistic_regression,validation,5days
2018-07-24,1.0,1,0.8568306579430993,logistic_regression,validation,5days
2018-07-25,1.0,1,0.8731536073719592,logistic_regression,validation,5days
2018-07-26,1.0,1,0.8407866057867819,logistic_regression,validation,5days
2018-07-27,1.0,1,0.8674067922975096,logistic_regression,validation,5days
2018-07-30,1.0,1,0.8708041061657991,logistic_regression,validation,5days
2018-07-31,1.0,1,0.8713190077313144,logistic_regression,validation,5days
2018-08-01,1.0,1,0.9152872501253349,logistic_regression,validation,5days
2018-08-02,1.0,1,0.9056242316368396,logistic_regression,validation,5days
2018-08-03,1.0,1,0.8824287255707207,logistic_regression,validation,5days
2018-08-06,1.0,1,0.8647236033401816,logistic_regression,validation,5days
2018-08-07,1.0,1,0.8820609736607025,logistic_regression,validation,5days
2018-08-08,1.0,1,0.8980175522278988,logistic_regression,validation,5days
2018-08-09,1.0,1,0.9354303267636844,logistic_regression,validation,5days
2018-08-10,1.0,1,0.9083807067056346,logistic_regression,validation,5days
2018-08-13,1.0,1,0.8760360706854716,logistic_regression,validation,5days
2018-08-14,1.0,1,0.8968786515405882,logistic_regression,validation,5days
2018-08-15,1.0,1,0.8831262446741032,logistic_regression,validation,5days
2018-08-16,1.0,1,0.8956078265307525,logistic_regression,validation,5days
2018-08-17,1.0,1,0.8961077971624217,logistic_regression,validation,5days
2018-08-20,1.0,1,0.9012190176197805,logistic_regression,validation,5days
2018-08-21,1.0,1,0.9296898619139061,logistic_regression,validation,5days
2018-08-22,1.0,1,0.936073425024682,logistic_regression,validation,5days
2018-08-23,1.0,1,0.9428647350683322,logistic_regression,validation,5days
2018-08-24,1.0,1,0.9433171280788457,logistic_regression,validation,5days
2018-08-27,1.0,1,0.9206651687744591,logistic_regression,validation,5days
2018-08-28,1.0,1,0.918776513175104,logistic_regression,validation,5days
2018-08-29,1.0,1,0.9127026093016875,logistic_regression,validation,5days
2018-08-30,1.0,1,0.8653286003363636,logistic_regression,validation,5days
2018-08-31,1.0,1,0.9161202317129585,logistic_regression,validation,5days
2018-09-04,1.0,1,0.9162680776046159,logistic_regression,validation,5days
2018-09-05,1.0,1,0.9079491906103209,logistic_regression,validation,5days
2018-09-06,1.0,1,0.8871945759186871,logistic_regression,validation,5days
2018-09-07,1.0,1,0.8732791109641359,logistic_regression,validation,5days
2018-09-10,1.0,1,0.889033452457823,logistic_regression,validation,5days
2018-09-11,1.0,1,0.913271477242839,logistic_regression,validation,5days
2018-09-12,1.0,1,0.9318791130089169,logistic_regression,validation,5days
2018-09-13,1.0,1,0.9301156406459655,logistic_regression,validation,5days
2018-09-14,1.0,1,0.9451674272129289,logistic_regression,validation,5days
2018-09-17,1.0,1,0.8972566459871689,logistic_regression,validation,5days
2018-09-18,1.0,1,0.9268083056980668,logistic_regression,validation,5days
2018-09-19,1.0,1,0.9351372594738003,logistic_regression,validation,5days
2018-09-20,1.0,1,0.9520523054401804,logistic_regression,validation,5days
2018-09-21,1.0,1,0.9505249922409963,logistic_regression,validation,5days
2018-09-24,1.0,1,0.9032146985056283,logistic_regression,validation,5days
2018-09-25,1.0,1,0.8988717389757711,logistic_regression,validation,5days
2018-09-26,1.0,1,0.9235296286223557,logistic_regression,validation,5days
2018-09-27,1.0,1,0.9386472661158444,logistic_regression,validation,5days
2018-09-28,1.0,1,0.8834388058512307,logistic_regression,validation,5days
2018-10-01,1.0,1,0.8506649251821592,logistic_regression,validation,5days
2018-10-02,1.0,0,0.7031183904252404,logistic_regression,validation,5days
2018-10-03,0.0,0,0.7008804341483235,logistic_regression,validation,5days
2018-10-04,0.0,0,0.5114075583205537,logistic_regression,validation,5days
2018-10-05,0.0,0,0.4157825489899677,logistic_regression,validation,5days
2018-10-08,0.0,0,0.4018834535907294,logistic_regression,validation,5days
2018-10-09,0.0,0,0.3464154025167312,logistic_regression,validation,5days
2018-10-10,0.0,0,0.48366629531632105,logistic_regression,validation,5days
2018-10-11,0.0,0,0.48510927198784093,logistic_regression,validation,5days
2018-10-12,0.0,0,0.5781919509632499,logistic_regression,validation,5days
2018-10-15,0.0,0,0.5248902625089951,logistic_regression,validation,5days
2018-10-16,0.0,0,0.33850460450200887,logistic_regression,validation,5days
2018-10-17,0.0,0,0.13219236899476605,logistic_regression,validation,5days
2018-10-18,0.0,0,0.11070221072399765,logistic_regression,validation,5days
2018-10-19,0.0,0,0.13513460829975307,logistic_regression,validation,5days
2018-10-22,0.0,0,0.12031758971868849,logistic_regression,validation,5days
2018-10-23,0.0,0,0.20166246795756806,logistic_regression,validation,5days
2018-10-24,0.0,0,0.5283992588656046,logistic_regression,validation,5days
2018-10-25,0.0,0,0.25476315274201244,logistic_regression,validation,5days
2018-10-26,0.0,0,0.4459029856048068,logistic_regression,validation,5days
2018-10-29,0.0,0,0.5825645673553236,logistic_regression,validation,5days
2018-10-30,0.0,0,0.3095788843021088,logistic_regression,validation,5days
2018-10-31,0.0,0,0.19467352856456532,logistic_regression,validation,5days
2018-11-01,0.0,0,0.12350537490015016,logistic_regression,validation,5days
2018-11-02,0.0,0,0.08479745658923481,logistic_regression,validation,5days
2018-11-05,0.0,0,0.06693327835865849,logistic_regression,validation,5days
2018-11-06,0.0,0,0.07565429779218649,logistic_regression,validation,5days
2018-11-07,0.0,0,0.026234998352364657,logistic_regression,validation,5days
2018-11-08,0.0,0,0.01599703332220099,logistic_regression,validation,5days
2018-11-09,0.0,0,0.02002885934192587,logistic_regression,validation,5days
2018-11-12,0.0,0,0.03370865338006638,logistic_regression,validation,5days
2018-11-13,0.0,0,0.019515716840150805,logistic_regression,validation,5days
2018-11-14,0.0,0,0.06602311853659207,logistic_regression,validation,5days
2018-11-15,0.0,0,0.054711783458144155,logistic_regression,validation,5days
2018-11-16,0.0,0,0.06410864284681085,logistic_regression,validation,5days
2018-11-19,0.0,0,0.18016553417111988,logistic_regression,validation,5days
2018-11-20,0.0,0,0.3795176785004058,logistic_regression,validation,5days
2018-11-21,0.0,0,0.44568454449627903,logistic_regression,validation,5days
2018-11-23,0.0,0,0.6318172769928934,logistic_regression,validation,5days
2018-11-26,0.0,0,0.5105620972172018,logistic_regression,validation,5days
2018-11-27,0.0,0,0.29984095825684337,logistic_regression,validation,5days
2018-11-28,0.0,0,0.04948978500996748,logistic_regression,validation,5days
2018-11-29,0.0,0,0.06936040701715196,logistic_regression,validation,5days
2018-11-30,0.0,0,0.037486434707072656,logistic_regression,validation,5days
2018-12-03,0.0,0,0.026983551560706674,logistic_regression,validation,5days
2018-12-04,0.0,0,0.1689188252403809,logistic_regression,validation,5days
2018-12-06,0.0,0,0.1732096462451099,logistic_regression,validation,5days
2018-12-07,0.0,0,0.2937591570598359,logistic_regression,validation,5days
2018-12-10,0.0,0,0.2401750357100667,logistic_regression,validation,5days
2018-12-11,0.0,0,0.04445435205081769,logistic_regression,validation,5days
2018-12-12,0.0,0,0.013972309872387307,logistic_regression,validation,5days
2018-12-13,0.0,0,0.011244441624864198,logistic_regression,validation,5days
2018-12-14,0.0,0,0.02667767791098822,logistic_regression,validation,5days
2018-12-17,0.0,0,0.08104229952780043,logistic_regression,validation,5days
2018-12-18,0.0,0,0.13448448574630603,logistic_regression,validation,5days
2018-12-19,0.0,0,0.28085672107242515,logistic_regression,validation,5days
2018-12-20,0.0,0,0.3474393947339059,logistic_regression,validation,5days
2018-12-21,0.0,0,0.5680633992143554,logistic_regression,validation,5days
2018-12-24,0.0,0,0.6903483726056693,logistic_regression,validation,5days
2018-12-26,0.0,0,0.2609025162069884,logistic_regression,validation,5days
2018-12-27,0.0,0,0.153217870970664,logistic_regression,validation,5days
2018-12-28,0.0,0,0.1516750988770375,logistic_regression,validation,5days
2018-12-31,0.0,0,0.08250718557835016,logistic_regression,validation,5days
2019-01-02,0.0,0,0.041158796147866585,logistic_regression,validation,5days
2019-01-03,0.0,0,0.2836238506949947,logistic_regression,validation,5days
2019-01-04,0.0,0,0.09367923903864989,logistic_regression,validation,5days
2019-01-07,0.0,0,0.08751985932445615,logistic_regression,validation,5days
2019-01-08,1.0,0,0.04786905014236704,logistic_regression,validation,5days
2019-01-09,1.0,0,0.024650736083665407,logistic_regression,validation,5days
2019-01-10,1.0,0,0.004258256496795659,logistic_regression,validation,5days
2019-01-11,1.0,0,0.03288075303510694,logistic_regression,validation,5days
2019-01-14,1.0,0,0.06817720142631127,logistic_regression,validation,5days
2019-01-15,1.0,0,0.04113435013846471,logistic_regression,validation,5days
2019-01-16,1.0,0,0.058546778633985976,logistic_regression,validation,5days
2019-01-17,1.0,0,0.0670563303080514,logistic_regression,validation,5days
2019-01-18,1.0,0,0.02048764291940218,logistic_regression,validation,5days
2019-01-22,1.0,0,0.08785132761675576,logistic_regression,validation,5days
2019-01-23,1.0,0,0.17180156978534447,logistic_regression,validation,5days
2019-01-24,1.0,0,0.33005845465943534,logistic_regression,validation,5days
2019-01-25,1.0,0,0.3677849858171196,logistic_regression,validation,5days
2019-01-28,1.0,0,0.6076145326823407,logistic_regression,validation,5days
2019-01-29,1.0,0,0.5536374536941582,logistic_regression,validation,5days
2019-01-30,1.0,0,0.40490909933190533,logistic_regression,validation,5days
2019-01-31,1.0,0,0.44695589330878277,logistic_regression,validation,5days
2019-02-01,1.0,0,0.4967493179260237,logistic_regression,validation,5days
2019-02-04,1.0,0,0.5352767552750246,logistic_regression,validation,5days
2019-02-05,1.0,0,0.6631704555670457,logistic_regression,validation,5days
2019-02-06,1.0,0,0.7837473267210529,logistic_regression,validation,5days
2019-02-07,1.0,1,0.8707163661006966,logistic_regression,validation,5days
2019-02-08,1.0,1,0.904491817891958,logistic_regression,validation,5days
2019-02-11,1.0,1,0.9466710503858382,logistic_regression,validation,5days
2019-02-12,1.0,1,0.911746181287286,logistic_regression,validation,5days
2019-02-13,1.0,1,0.9071629325387862,logistic_regression,validation,5days
2019-02-14,1.0,1,0.9166174518482657,logistic_regression,validation,5days
2019-02-15,1.0,1,0.9112134958281276,logistic_regression,validation,5days
2019-02-19,1.0,1,0.9275672144209535,logistic_regression,validation,5days
2019-02-20,1.0,1,0.9591488009913947,logistic_regression,validation,5days
2019-02-21,1.0,1,0.9729938116142665,logistic_regression,validation,5days
2019-02-22,1.0,1,0.9637802583376919,logistic_regression,validation,5days
2019-02-25,1.0,1,0.9525446716309686,logistic_regression,validation,5days
2019-02-26,1.0,1,0.9526656824745017,logistic_regression,validation,5days
2019-02-27,1.0,1,0.9514907573664125,logistic_regression,validation,5days
2019-02-28,1.0,1,0.9642682794147581,logistic_regression,validation,5days
2019-03-01,1.0,1,0.9656697460775153,logistic_regression,validation,5days
2019-03-04,1.0,1,0.9663731270892475,logistic_regression,validation,5days
2019-03-05,1.0,1,0.9759783923715527,logistic_regression,validation,5days
2019-03-06,1.0,1,0.975747370327812,logistic_regression,validation,5days
2019-03-07,1.0,1,0.9674005775298272,logistic_regression,validation,5days
2019-03-08,1.0,1,0.9801460084789534,logistic_regression,validation,5days
2019-03-11,1.0,1,0.9784996833127456,logistic_regression,validation,5days
2019-03-12,1.0,1,0.9733697683134284,logistic_regression,validation,5days
2019-03-13,1.0,1,0.966077074436694,logistic_regression,validation,5days
2019-03-14,1.0,1,0.9551541104154644,logistic_regression,validation,5days
2019-03-15,1.0,1,0.9358720270483564,logistic_regression,validation,5days
2019-03-18,1.0,1,0.9506837221661022,logistic_regression,validation,5days
2019-03-19,1.0,1,0.9626255352470995,logistic_regression,validation,5days
2019-03-20,1.0,1,0.9671940922430352,logistic_regression,validation,5days
2019-03-21,1.0,1,0.9526155084465149,logistic_regression,validation,5days
2019-03-22,1.0,1,0.9251934336432797,logistic_regression,validation,5days
2019-03-25,1.0,1,0.9224333369632682,logistic_regression,validation,5days
2019-03-26,1.0,1,0.9480009417519545,logistic_regression,validation,5days
2019-03-27,1.0,1,0.945189739047414,logistic_regression,validation,5days
2019-03-28,1.0,1,0.9591754930082778,logistic_regression,validation,5days
2019-03-29,1.0,1,0.92932649572336,logistic_regression,validation,5days
2019-04-01,1.0,1,0.8991688060811509,logistic_regression,validation,5days
2019-04-02,1.0,1,0.9350116078252229,logistic_regression,validation,5days
2019-04-03,1.0,1,0.9363081460383527,logistic_regression,validation,5days
2019-04-04,1.0,1,0.9366737703043545,logistic_regression,validation,5days
2019-04-05,1.0,1,0.9562589256044335,logistic_regression,validation,5days
2019-04-08,1.0,1,0.9500051129199368,logistic_regression,validation,5days
2019-04-09,1.0,1,0.943577085249551,logistic_regression,validation,5days
2019-04-10,1.0,1,0.9556414223544163,logistic_regression,validation,5days
2019-04-11,1.0,1,0.9537016865301963,logistic_regression,validation,5days
2019-04-12,1.0,1,0.9561795562562353,logistic_regression,validation,5days
2019-04-15,1.0,1,0.9644205816523067,logistic_regression,validation,5days
2019-04-16,1.0,1,0.9764400805511583,logistic_regression,validation,5days
2019-04-17,1.0,1,0.9762576684607475,logistic_regression,validation,5days
2019-04-18,1.0,1,0.9763522001102666,logistic_regression,validation,5days
2019-04-22,1.0,1,0.9812653603216207,logistic_regression,validation,5days
2019-04-23,1.0,1,0.9856503709626163,logistic_regression,validation,5days
2019-04-24,1.0,1,0.983252373204018,logistic_regression,validation,5days
2019-04-25,1.0,1,0.9777449132118261,logistic_regression,validation,5days
2019-04-26,0.0,1,0.973646086886518,logistic_regression,validation,5days
2019-04-29,0.0,1,0.9826747900256823,logistic_regression,validation,5days
2019-04-30,0.0,1,0.9824162655191782,logistic_regression,validation,5days
2019-05-01,0.0,1,0.9338077035365376,logistic_regression,validation,5days
2019-05-02,0.0,1,0.9111400444058284,logistic_regression,validation,5days
2019-05-03,0.0,1,0.9272447524144024,logistic_regression,validation,5days
2019-05-06,0.0,1,0.9089990096638136,logistic_regression,validation,5days
2019-05-07,0.0,0,0.7905443684141682,logistic_regression,validation,5days
2019-05-08,0.0,0,0.7849486434428914,logistic_regression,validation,5days
2019-05-09,0.0,0,0.802619158692037,logistic_regression,validation,5days
2019-05-10,0.0,1,0.8379514081250033,logistic_regression,validation,5days
2019-05-13,0.0,1,0.8692710594264784,logistic_regression,validation,5days
2019-05-14,0.0,0,0.8280027657138347,logistic_regression,validation,5days
2019-05-15,0.0,0,0.7905339381218952,logistic_regression,validation,5days
2019-05-16,0.0,0,0.7275891076175376,logistic_regression,validation,5days
2019-05-17,0.0,0,0.6876458697261456,logistic_regression,validation,5days
2019-05-20,0.0,0,0.48057445755607636,logistic_regression,validation,5days
2019-05-21,0.0,0,0.45592864138383726,logistic_regression,validation,5days
2019-05-22,0.0,0,0.4054971626999196,logistic_regression,validation,5days
2019-05-23,0.0,0,0.4725887790515624,logistic_regression,validation,5days
2019-05-24,0.0,0,0.44435603467800044,logistic_regression,validation,5days
2019-05-28,0.0,0,0.5379557248961814,logistic_regression,validation,5days
2019-05-29,0.0,0,0.5282367854143648,logistic_regression,validation,5days
2019-05-30,0.0,0,0.5116107215927429,logistic_regression,validation,5days
2019-05-31,0.0,0,0.6223592641992753,logistic_regression,validation,5days
2019-06-03,1.0,0,0.6573183202628663,logistic_regression,validation,5days
2019-06-04,1.0,0,0.5524343450006818,logistic_regression,validation,5days
2019-06-05,1.0,0,0.43005515430676955,logistic_regression,validation,5days
2019-06-06,1.0,0,0.4131270729817855,logistic_regression,validation,5days
2019-06-07,1.0,0,0.2976043498886718,logistic_regression,validation,5days
2019-06-10,1.0,0,0.2551763127783951,logistic_regression,validation,5days
2019-06-11,1.0,0,0.44997618483756535,logistic_regression,validation,5days
2019-06-12,1.0,0,0.5043534454201449,logistic_regression,validation,5days
2019-06-13,1.0,0,0.4681921549055196,logistic_regression,validation,5days
2019-06-14,1.0,0,0.5514012507677883,logistic_regression,validation,5days
2019-06-17,1.0,0,0.4653633757314051,logistic_regression,validation,5days
2019-06-18,1.0,0,0.361285286028282,logistic_regression,validation,5days
2019-06-19,1.0,0,0.4472867212406529,logistic_regression,validation,5days
2019-06-20,1.0,0,0.47270340287782553,logistic_regression,validation,5days
2019-06-21,1.0,0,0.583128201586402,logistic_regression,validation,5days
2019-06-24,1.0,0,0.6938732826891308,logistic_regression,validation,5days
2019-06-25,1.0,0,0.7724482409344555,logistic_regression,validation,5days
2019-06-26,1.0,0,0.8238282160850174,logistic_regression,validation,5days
2019-06-27,1.0,1,0.8569206885902886,logistic_regression,validation,5days
2019-06-28,1.0,1,0.8755346504626272,logistic_regression,validation,5days
2019-07-01,1.0,1,0.8558504017432983,logistic_regression,validation,5days
2019-07-02,1.0,1,0.8575293851001166,logistic_regression,validation,5days
2019-07-03,1.0,1,0.8456817478760321,logistic_regression,validation,5days
2019-07-05,1.0,1,0.8979534560719686,logistic_regression,validation,5days
2019-07-08,1.0,1,0.9248339016007868,logistic_regression,validation,5days
2019-07-09,1.0,1,0.9384452289262237,logistic_regression,validation,5days
2019-07-10,1.0,1,0.943891007852677,logistic_regression,validation,5days
2019-07-11,1.0,1,0.9510102928457358,logistic_regression,validation,5days
2019-07-12,1.0,1,0.9333516340940894,logistic_regression,validation,5days
2019-07-15,1.0,1,0.941728285823047,logistic_regression,validation,5days
2019-07-16,1.0,1,0.9457499849608189,logistic_regression,validation,5days
2019-07-17,1.0,1,0.9567226653916885,logistic_regression,validation,5days
2019-07-18,1.0,1,0.96673747072819,logistic_regression,validation,5days
2019-07-19,1.0,1,0.9702348707886344,logistic_regression,validation,5days
2019-07-22,1.0,1,0.9787216803699996,logistic_regression,validation,5days
2019-07-23,0.0,1,0.9453515073800975,logistic_regression,validation,5days
2019-07-24,0.0,1,0.9020985366797457,logistic_regression,validation,5days
2019-07-25,0.0,0,0.8270017193369754,logistic_regression,validation,5days
2019-07-26,0.0,0,0.802181249104232,logistic_regression,validation,5days
2019-07-29,0.0,1,0.8562372347760421,logistic_regression,validation,5days
2019-07-30,0.0,0,0.8168793761512139,logistic_regression,validation,5days
2019-07-31,0.0,1,0.8697948047451252,logistic_regression,validation,5days
2019-08-01,0.0,0,0.7805423976539908,logistic_regression,validation,5days
2019-08-02,0.0,0,0.7502505536860135,logistic_regression,validation,5days
2019-08-05,0.0,0,0.8360677224020369,logistic_regression,validation,5days
2019-08-06,0.0,1,0.8446099867382643,logistic_regression,validation,5days
2019-08-07,0.0,0,0.7841478690854741,logistic_regression,validation,5days
2019-08-08,0.0,0,0.6648224425599888,logistic_regression,validation,5days
2019-08-09,0.0,0,0.7424554311602739,logistic_regression,validation,5days
2019-08-12,0.0,0,0.6036894359474287,logistic_regression,validation,5days
2019-08-13,0.0,0,0.5842888396737103,logistic_regression,validation,5days
2019-08-14,0.0,1,0.8542295554964525,logistic_regression,validation,5days
2019-08-15,0.0,0,0.8043832825099382,logistic_regression,validation,5days
2019-08-16,0.0,0,0.6519287374063049,logistic_regression,validation,5days
2019-08-19,0.0,0,0.4293438976225704,logistic_regression,validation,5days
2019-08-20,0.0,0,0.3395365111854341,logistic_regression,validation,5days
2019-08-21,0.0,0,0.14658191237567209,logistic_regression,validation,5days
2019-08-22,0.0,0,0.15884536333467983,logistic_regression,validation,5days
2019-08-23,0.0,0,0.6786519680386428,logistic_regression,validation,5days
2019-08-26,0.0,0,0.595144517851043,logistic_regression,validation,5days
2019-08-27,0.0,0,0.5227497608610181,logistic_regression,validation,5days
2019-08-28,0.0,0,0.6072176774819964,logistic_regression,validation,5days
2019-08-29,0.0,0,0.3145309266838136,logistic_regression,validation,5days
2019-08-30,0.0,0,0.20693600796933065,logistic_regression,validation,5days
2019-09-03,0.0,0,0.3642839106272091,logistic_regression,validation,5days
2019-09-04,0.0,0,0.3255871029582156,logistic_regression,validation,5days
2019-09-05,0.0,0,0.2339651885222888,logistic_regression,validation,5days
2019-09-06,0.0,0,0.40795448914660454,logistic_regression,validation,5days
2019-09-09,0.0,0,0.4653295021475846,logistic_regression,validation,5days
2019-09-10,0.0,0,0.3489565945803911,logistic_regression,validation,5days
2019-09-11,0.0,0,0.34674671399315227,logistic_regression,validation,5days
2019-09-12,0.0,0,0.3555019954313472,logistic_regression,validation,5days
2019-09-13,0.0,0,0.43863766093374934,logistic_regression,validation,5days
2019-09-16,0.0,0,0.5281252431449448,logistic_regression,validation,5days
2019-09-17,0.0,0,0.6049411894798685,logistic_regression,validation,5days
2019-09-18,0.0,0,0.6716080843414087,logistic_regression,validation,5days
2019-09-19,0.0,0,0.6667256833565642,logistic_regression,validation,5days
2019-09-20,0.0,0,0.6482284679790791,logistic_regression,validation,5days
2019-09-23,0.0,0,0.6645430371476948,logistic_regression,validation,5days
2019-09-24,0.0,0,0.7440843912395164,logistic_regression,validation,5days
2019-09-25,0.0,0,0.6693221186478957,logistic_regression,validation,5days
2019-09-26,0.0,0,0.6799807949601719,logistic_regression,validation,5days
2019-09-27,0.0,0,0.6447895704119353,logistic_regression,validation,5days
2019-09-30,0.0,0,0.6864747272862914,logistic_regression,validation,5days
2019-10-01,0.0,0,0.6173148958702079,logistic_regression,validation,5days
2019-10-02,0.0,0,0.827223828152012,logistic_regression,validation,5days
2019-10-03,0.0,0,0.8250452742470313,logistic_regression,validation,5days
2019-10-04,0.0,0,0.8063137768871075,logistic_regression,validation,5days
2019-10-07,0.0,0,0.8069307690321261,logistic_regression,validation,5days
2019-10-08,0.0,1,0.8653410566534873,logistic_regression,validation,5days
2019-10-09,0.0,0,0.7285019063885654,logistic_regression,validation,5days
2019-10-10,0.0,0,0.7511308262157568,logistic_regression,validation,5days
2019-10-11,0.0,0,0.7293269399651457,logistic_regression,validation,5days
2019-10-14,0.0,0,0.6965473746952346,logistic_regression,validation,5days
2019-10-15,0.0,0,0.5945902423379823,logistic_regression,validation,5days
2019-10-16,1.0,0,0.6248553068728521,logistic_regression,validation,5days
2019-10-17,1.0,0,0.5513252020318155,logistic_regression,validation,5days
2019-10-18,1.0,0,0.6285679047697312,logistic_regression,validation,5days
2019-10-21,1.0,0,0.6592447725863099,logistic_regression,validation,5days
2019-10-22,1.0,0,0.7513202603961281,logistic_regression,validation,5days
2019-10-23,1.0,0,0.6712808585668428,logistic_regression,validation,5days
2019-10-24,1.0,0,0.7136236461626579,logistic_regression,validation,5days
2019-10-25,1.0,0,0.7135398983241592,logistic_regression,validation,5days
2019-10-28,1.0,0,0.784039146499351,logistic_regression,validation,5days
2019-10-29,1.0,0,0.7851713843933854,logistic_regression,validation,5days
2019-10-30,1.0,0,0.8277857880022688,logistic_regression,validation,5days
2019-10-31,1.0,1,0.8612947379220075,logistic_regression,validation,5days
2019-11-01,1.0,1,0.8463013817185276,logistic_regression,validation,5days
2019-11-04,1.0,1,0.8696722104505715,logistic_regression,validation,5days
2019-11-05,1.0,1,0.8992351428426698,logistic_regression,validation,5days
2019-11-06,1.0,1,0.925281907102374,logistic_regression,validation,5days
2019-11-07,1.0,1,0.9347758060732535,logistic_regression,validation,5days
2019-11-08,1.0,1,0.9507538549475603,logistic_regression,validation,5days
2019-11-11,1.0,1,0.9514911785448807,logistic_regression,validation,5days
2019-11-12,1.0,1,0.9647253625506301,logistic_regression,validation,5days
2019-11-13,1.0,1,0.9695298776288837,logistic_regression,validation,5days
2019-11-14,1.0,1,0.9800591389942711,logistic_regression,validation,5days
2019-11-15,1.0,1,0.9803663165359449,logistic_regression,validation,5days
2019-11-18,1.0,1,0.9867473328778791,logistic_regression,validation,5days
2019-11-19,1.0,1,0.9864490380195121,logistic_regression,validation,5days
2019-11-20,1.0,1,0.9799924355359599,logistic_regression,validation,5days
2019-11-21,1.0,1,0.9740097269210792,logistic_regression,validation,5days
2019-11-22,1.0,1,0.9835009406074222,logistic_regression,validation,5days
2019-11-25,1.0,1,0.9853479951854068,logistic_regression,validation,5days
2019-11-26,1.0,1,0.9838310624606806,logistic_regression,validation,5days
2019-11-27,1.0,1,0.9800316257843911,logistic_regression,validation,5days
2019-11-29,1.0,1,0.9713225861127646,logistic_regression,validation,5days
2019-12-02,1.0,1,0.9411608765544286,logistic_regression,validation,5days
2019-12-03,1.0,1,0.9513797997643614,logistic_regression,validation,5days
2019-12-04,1.0,1,0.9683767018131931,logistic_regression,validation,5days
2019-12-05,1.0,1,0.9725446493398138,logistic_regression,validation,5days
2019-12-06,1.0,1,0.9656533080731957,logistic_regression,validation,5days
2019-12-09,1.0,1,0.9506645213201393,logistic_regression,validation,5days
2019-12-10,1.0,1,0.9490343547949741,logistic_regression,validation,5days
2019-12-11,1.0,1,0.9631365120174294,logistic_regression,validation,5days
2019-12-12,1.0,1,0.9693953972660534,logistic_regression,validation,5days
2019-12-13,1.0,1,0.9839281774150838,logistic_regression,validation,5days
2019-12-16,1.0,1,0.9787503674139043,logistic_regression,validation,5days
2019-12-17,1.0,1,0.9732082068375253,logistic_regression,validation,5days
2019-12-18,1.0,1,0.9760582489373036,logistic_regression,validation,5days
2019-12-19,1.0,1,0.9795070295138907,logistic_regression,validation,5days
2019-12-20,1.0,1,0.9803814677834034,logistic_regression,validation,5days
2019-12-23,1.0,1,0.9846931712499982,logistic_regression,validation,5days
2019-12-24,1.0,1,0.984442614345544,logistic_regression,validation,5days
2019-12-26,1.0,1,0.9842427007293526,logistic_regression,validation,5days
2019-12-27,1.0,1,0.9872678668304382,logistic_regression,validation,5days
2019-12-30,1.0,1,0.9820078016161345,logistic_regression,validation,5days
2019-12-31,1.0,1,0.9839830093035722,logistic_regression,validation,5days
2020-01-02,1.0,1,0.980795597635524,logistic_regression,validation,5days
2020-01-03,1.0,1,0.974654826755138,logistic_regression,validation,5days
2020-01-06,1.0,1,0.9779657436686052,logistic_regression,validation,5days
2020-01-07,1.0,1,0.9779078831204843,logistic_regression,validation,5days
2020-01-08,1.0,1,0.9825442766468637,logistic_regression,validation,5days
2020-01-09,1.0,1,0.9864606831820169,logistic_regression,validation,5days
2020-01-10,1.0,1,0.9867899456454914,logistic_regression,validation,5days
2020-01-13,1.0,1,0.9812603130544557,logistic_regression,validation,5days
2020-01-14,1.0,1,0.9806141542299422,logistic_regression,validation,5days
2020-01-15,1.0,1,0.9784615066802089,logistic_regression,validation,5days
2020-01-16,1.0,1,0.9802964261418603,logistic_regression,validation,5days
2020-01-17,1.0,1,0.9749502856451583,logistic_regression,validation,5days
2020-01-21,1.0,1,0.9593268503789116,logistic_regression,validation,5days
2020-01-22,1.0,1,0.9597009377217514,logistic_regression,validation,5days
2020-01-23,1.0,1,0.9652131928868292,logistic_regression,validation,5days
2020-01-24,1.0,1,0.9598008822700561,logistic_regression,validation,5days
2020-01-27,1.0,1,0.9505913054737376,logistic_regression,validation,5days
2020-01-28,1.0,1,0.9490998062710253,logistic_regression,validation,5days
2020-01-29,1.0,1,0.9577397363528442,logistic_regression,validation,5days
2020-01-30,1.0,1,0.9636325745368305,logistic_regression,validation,5days
2020-01-31,1.0,1,0.9645353665077223,logistic_regression,validation,5days
2020-02-03,1.0,1,0.9543241143795559,logistic_regression,validation,5days
2020-02-04,1.0,1,0.9442141067277492,logistic_regression,validation,5days
2020-02-05,1.0,1,0.9080015635164909,logistic_regression,validation,5days
2020-02-06,1.0,1,0.9196936318365568,logistic_regression,validation,5days
2020-02-07,1.0,1,0.9466976033013295,logistic_regression,validation,5days
2020-02-10,1.0,1,0.9311324795509671,logistic_regression,validation,5days
2020-02-11,1.0,1,0.873456294428419,logistic_regression,validation,5days
2020-02-12,1.0,1,0.8992571682346266,logistic_regression,validation,5days
2020-02-13,1.0,0,0.8207573319361093,logistic_regression,validation,5days
2020-02-14,1.0,0,0.4405561035133595,logistic_regression,validation,5days
2020-02-18,1.0,0,0.4022414615286619,logistic_regression,validation,5days
2020-02-19,0.0,0,0.13534096287183622,logistic_regression,validation,5days
2020-02-20,0.0,0,0.30708713888320577,logistic_regression,validation,5days
2020-02-21,0.0,0,0.38300584128258247,logistic_regression,validation,5days
2020-02-24,0.0,1,0.8729292056950517,logistic_regression,validation,5days
2020-02-25,0.0,1,0.8842497769242648,logistic_regression,validation,5days
2020-02-26,0.0,1,0.9379910019743386,logistic_regression,validation,5days
2020-02-27,0.0,1,0.9985766436051391,logistic_regression,validation,5days
2020-02-28,0.0,1,0.9581116127158052,logistic_regression,validation,5days
2020-03-02,0.0,0,0.8242291191815017,logistic_regression,validation,5days
2020-03-03,0.0,0,0.5123024320623021,logistic_regression,validation,5days
2020-03-04,0.0,0,0.025849794992985425,logistic_regression,validation,5days
2020-03-05,0.0,0,0.032702497219495814,logistic_regression,validation,5days
2020-03-06,0.0,0,0.06600899316719763,logistic_regression,validation,5days
2020-03-09,0.0,1,0.9786264775704178,logistic_regression,validation,5days
2020-03-10,0.0,0,0.012599806962397332,logistic_regression,validation,5days
2020-03-11,0.0,0,0.3002543499853825,logistic_regression,validation,5days
2020-03-12,0.0,1,0.9800340620765827,logistic_regression,validation,5days
2020-03-13,0.0,0,0.027751213594921467,logistic_regression,validation,5days
2020-03-16,0.0,1,0.965330493125055,logistic_regression,validation,5days
2020-03-17,0.0,0,0.5042542035939569,logistic_regression,validation,5days
2020-03-18,0.0,1,0.9722041762896009,logistic_regression,validation,5days
2020-03-19,0.0,0,0.6984011632944654,logistic_regression,validation,5days
2020-03-20,0.0,1,0.9971132232628835,logistic_regression,validation,5days
2020-03-23,0.0,1,0.9783504416364329,logistic_regression,validation,5days
2020-03-24,0.0,0,0.010260687902253042,logistic_regression,validation,5days
2020-03-25,0.0,0,0.002059278301569085,logistic_regression,validation,5days
2020-03-26,0.0,0,5.626982047922597e-06,logistic_regression,validation,5days
2020-03-27,0.0,0,8.088216895460222e-06,logistic_regression,validation,5days
2020-03-30,0.0,0,1.6636362467281763e-06,logistic_regression,validation,5days
2020-03-31,0.0,0,1.794055873278362e-05,logistic_regression,validation,5days
2020-04-01,0.0,0,0.0014249578850131868,logistic_regression,validation,5days
2020-04-02,0.0,0,0.0002912664833676361,logistic_regression,validation,5days
2020-04-03,0.0,0,0.002141058039237772,logistic_regression,validation,5days
2020-04-06,0.0,0,9.316116888686927e-06,logistic_regression,validation,5days
2020-04-07,0.0,0,8.508069245889302e-07,logistic_regression,validation,5days
2020-04-08,0.0,0,1.4458765878366856e-07,logistic_regression,validation,5days
2020-04-09,0.0,0,2.037086875850836e-07,logistic_regression,validation,5days
2020-04-13,0.0,0,1.7548198429224268e-06,logistic_regression,validation,5days
2020-04-14,0.0,0,1.832967125958459e-06,logistic_regression,validation,5days
2020-04-15,0.0,0,3.885797765700342e-05,logistic_regression,validation,5days
2020-04-16,1.0,0,0.000227427876093734,logistic_regression,validation,5days
2020-04-17,1.0,0,4.05058686788983e-05,logistic_regression,validation,5days
2020-04-20,1.0,0,0.00048167107676931685,logistic_regression,validation,5days
2020-04-21,1.0,0,0.010880273474627753,logistic_regression,validation,5days
2020-04-22,1.0,0,0.003954875855335657,logistic_regression,validation,5days
2020-04-23,1.0,0,0.005872861070749345,logistic_regression,validation,5days
2020-04-24,1.0,0,0.006333115543813261,logistic_regression,validation,5days
2020-04-27,1.0,0,0.0052434963164309,logistic_regression,validation,5days
2020-04-28,1.0,0,0.00970445185545109,logistic_regression,validation,5days
2020-04-29,1.0,0,0.008133443023475177,logistic_regression,validation,5days
2020-04-30,1.0,0,0.01995089373216913,logistic_regression,validation,5days
2020-05-01,1.0,0,0.32261345341450476,logistic_regression,validation,5days
2020-05-04,1.0,0,0.4769493755420353,logistic_regression,validation,5days
2020-05-05,1.0,0,0.34879634632395584,logistic_regression,validation,5days
2020-05-06,1.0,0,0.43962288771964375,logistic_regression,validation,5days
2020-05-07,1.0,0,0.37334376336834507,logistic_regression,validation,5days
2020-05-08,1.0,0,0.09701097315926566,logistic_regression,validation,5days
2020-05-11,1.0,0,0.16151400037946254,logistic_regression,validation,5days
2020-05-12,1.0,0,0.5765260986096005,logistic_regression,validation,5days
2020-05-13,1.0,1,0.8877251512909193,logistic_regression,validation,5days
2020-05-14,1.0,1,0.9293423234359465,logistic_regression,validation,5days
2020-05-15,1.0,1,0.9457454236258035,logistic_regression,validation,5days
2020-05-18,1.0,0,0.5008077188698782,logistic_regression,validation,5days
2020-05-19,1.0,0,0.6480933728337285,logistic_regression,validation,5days
2020-05-20,1.0,0,0.3595716267436344,logistic_regression,validation,5days
2020-05-21,1.0,0,0.4917637221608411,logistic_regression,validation,5days
2020-05-22,1.0,0,0.6147443828324719,logistic_regression,validation,5days
2020-05-26,1.0,0,0.7940589698588506,logistic_regression,validation,5days
2020-05-27,1.0,0,0.6872203769225953,logistic_regression,validation,5days
2020-05-28,1.0,1,0.9071805070652036,logistic_regression,validation,5days
2020-05-29,1.0,0,0.6995608040869837,logistic_regression,validation,5days
2020-06-01,1.0,0,0.6681314139603972,logistic_regression,validation,5days
2020-06-02,1.0,0,0.5066465676435525,logistic_regression,validation,5days
2020-06-03,1.0,0,0.5431949434950952,logistic_regression,validation,5days
2020-06-04,1.0,0,0.5964181062586542,logistic_regression,validation,5days
2020-06-05,1.0,0,0.24276051074563199,logistic_regression,validation,5days
2020-06-08,1.0,0,0.0881427951476307,logistic_regression,validation,5days
2020-06-09,1.0,0,0.1950360616258242,logistic_regression,validation,5days
2020-06-10,1.0,0,0.6140709512165206,logistic_regression,validation,5days
2020-06-11,1.0,1,0.9896654615626246,logistic_regression,validation,5days
2020-06-12,1.0,1,0.9902350737730615,logistic_regression,validation,5days
2020-06-15,1.0,1,0.9791556888316434,logistic_regression,validation,5days
2020-06-16,1.0,0,0.8249982812245279,logistic_regression,validation,5days
2020-06-17,1.0,1,0.8580759318366471,logistic_regression,validation,5days
2020-06-18,1.0,0,0.6562423156187486,logistic_regression,validation,5days
2020-06-19,1.0,0,0.7385340636761616,logistic_regression,validation,5days
2020-06-22,1.0,1,0.8781164759398217,logistic_regression,validation,5days
2020-06-23,1.0,1,0.9283683061911162,logistic_regression,validation,5days
2020-06-24,1.0,1,0.9899189471362294,logistic_regression,validation,5days
2020-06-25,1.0,1,0.9797250503328521,logistic_regression,validation,5days
2020-06-26,1.0,1,0.987202167212001,logistic_regression,validation,5days
2020-06-29,1.0,1,0.9585027022827504,logistic_regression,validation,5days
2020-06-30,1.0,1,0.8796213792721639,logistic_regression,validation,5days
2020-07-01,1.0,0,0.8257836636183458,logistic_regression,validation,5days
2020-07-02,1.0,0,0.7995998035727236,logistic_regression,validation,5days
2020-07-06,1.0,0,0.3584410659853672,logistic_regression,validation,5days
2020-07-07,1.0,0,0.6131203977164883,logistic_regression,validation,5days
2020-07-08,1.0,0,0.6272107374872513,logistic_regression,validation,5days
2020-07-09,1.0,1,0.8543984230320286,logistic_regression,validation,5days
2020-07-10,1.0,0,0.7371620756098434,logistic_regression,validation,5days
2020-07-13,1.0,1,0.8581272540544532,logistic_regression,validation,5days
2020-07-14,1.0,0,0.5207980849999321,logistic_regression,validation,5days
2020-07-15,1.0,0,0.3640470475907879,logistic_regression,validation,5days
2020-07-16,1.0,0,0.50325637827609,logistic_regression,validation,5days
2020-07-17,1.0,0,0.5502642374686962,logistic_regression,validation,5days
2020-07-20,1.0,0,0.393292179554771,logistic_regression,validation,5days
2020-07-21,1.0,0,0.5996631310496455,logistic_regression,validation,5days
2020-07-22,1.0,0,0.54998541258,logistic_regression,validation,5days
2020-07-23,1.0,0,0.7784849133664152,logistic_regression,validation,5days
2020-07-24,1.0,1,0.8682532026353061,logistic_regression,validation,5days
2020-07-27,1.0,1,0.8994232856053339,logistic_regression,validation,5days
2020-07-28,1.0,1,0.9364878291635236,logistic_regression,validation,5days
2020-07-29,1.0,1,0.886300136730288,logistic_regression,validation,5days
2020-07-30,1.0,1,0.9262067172518765,logistic_regression,validation,5days
2020-07-31,1.0,1,0.8895153494313782,logistic_regression,validation,5days
2020-08-03,1.0,1,0.8640946333048944,logistic_regression,validation,5days
2020-08-04,1.0,1,0.8706148912066539,logistic_regression,validation,5days
2020-08-05,1.0,1,0.8912810355170302,logistic_regression,validation,5days
2020-08-06,1.0,1,0.8758380481492,logistic_regression,validation,5days
2020-08-07,1.0,1,0.887574193952216,logistic_regression,validation,5days
2020-08-10,1.0,1,0.8735000915424701,logistic_regression,validation,5days
2020-08-11,1.0,1,0.9235643521109033,logistic_regression,validation,5days
2020-08-12,1.0,0,0.8239430745827466,logistic_regression,validation,5days
2020-08-13,1.0,1,0.9162805497331954,logistic_regression,validation,5days
2020-08-14,1.0,1,0.9283538229103394,logistic_regression,validation,5days
2020-08-17,1.0,1,0.9528998952350883,logistic_regression,validation,5days
2020-08-18,1.0,1,0.9549091827346616,logistic_regression,validation,5days
2020-08-19,1.0,1,0.96988585806211,logistic_regression,validation,5days
2020-08-20,1.0,1,0.9890405983081056,logistic_regression,validation,5days
2020-08-21,1.0,1,0.9914167795271359,logistic_regression,validation,5days
2020-08-24,1.0,1,0.9903473770825292,logistic_regression,validation,5days
2020-08-25,1.0,1,0.979491158246607,logistic_regression,validation,5days
2020-08-26,1.0,1,0.9506026759423591,logistic_regression,validation,5days
2020-08-27,1.0,1,0.9539900082178635,logistic_regression,validation,5days
2020-08-28,1.0,1,0.8999725535200419,logistic_regression,validation,5days
2020-08-31,1.0,1,0.9028376324335021,logistic_regression,validation,5days
2020-09-01,1.0,1,0.8817187739177079,logistic_regression,validation,5days
2020-09-02,1.0,0,0.7533300850714592,logistic_regression,validation,5days
2020-09-03,1.0,1,0.850707935257565,logistic_regression,validation,5days
2020-09-04,1.0,1,0.9303622519291798,logistic_regression,validation,5days
2020-09-08,1.0,1,0.9819433457011167,logistic_regression,validation,5days
2020-09-09,1.0,1,0.9640411599440759,logistic_regression,validation,5days
2020-09-10,1.0,1,0.9874141384186886,logistic_regression,validation,5days
2020-09-11,1.0,1,0.9578468100592739,logistic_regression,validation,5days
2020-09-14,1.0,0,0.8211596607836666,logistic_regression,validation,5days
2020-09-15,1.0,0,0.6732301779094817,logistic_regression,validation,5days
2020-09-16,1.0,0,0.7531044692105571,logistic_regression,validation,5days
2020-09-17,1.0,0,0.8213349394261419,logistic_regression,validation,5days
2020-09-18,1.0,1,0.9642429197570592,logistic_regression,validation,5days
2020-09-21,1.0,1,0.9624764937868218,logistic_regression,validation,5days
2020-09-22,1.0,1,0.9412224191349658,logistic_regression,validation,5days
2020-09-23,1.0,1,0.9640320915823343,logistic_regression,validation,5days
2020-09-24,1.0,1,0.9458178047965934,logistic_regression,validation,5days
2020-09-25,1.0,0,0.7355455365340808,logistic_regression,validation,5days
2020-09-28,1.0,0,0.2869824984068938,logistic_regression,validation,5days
2020-09-29,1.0,0,0.5354722508632883,logistic_regression,validation,5days
2020-09-30,1.0,0,0.38085654921535483,logistic_regression,validation,5days
2020-10-01,1.0,0,0.3250939060758758,logistic_regression,validation,5days
2020-10-02,1.0,0,0.5846386764113306,logistic_regression,validation,5days
2020-10-05,1.0,0,0.3477382633404415,logistic_regression,validation,5days
2020-10-06,1.0,0,0.4910779462405094,logistic_regression,validation,5days
2020-10-07,1.0,0,0.23936761735200057,logistic_regression,validation,5days
2020-10-08,1.0,0,0.08887880936852052,logistic_regression,validation,5days
2020-10-09,1.0,0,0.03307920567244991,logistic_regression,validation,5days
2020-10-12,1.0,0,0.019936281864430708,logistic_regression,validation,5days
2020-10-13,1.0,0,0.03677336587564611,logistic_regression,validation,5days
2020-10-14,1.0,0,0.14047799265450533,logistic_regression,validation,5days
2020-10-15,1.0,0,0.15320929185472862,logistic_regression,validation,5days
2020-10-16,1.0,0,0.2533009332227645,logistic_regression,validation,5days
2020-10-19,1.0,0,0.4020543786665297,logistic_regression,validation,5days
2020-10-20,1.0,0,0.2843691153354398,logistic_regression,validation,5days
2020-10-21,1.0,0,0.19917038226440953,logistic_regression,validation,5days
2020-10-22,1.0,0,0.17843041445762592,logistic_regression,validation,5days
2020-10-23,1.0,0,0.24216880209785482,logistic_regression,validation,5days
2020-10-26,1.0,0,0.4665307657999939,logistic_regression,validation,5days
2020-10-27,1.0,0,0.7521590162656936,logistic_regression,validation,5days
2020-10-28,1.0,1,0.977598748989801,logistic_regression,validation,5days
2020-10-29,1.0,1,0.9738484042131285,logistic_regression,validation,5days
2020-10-30,1.0,1,0.9902326903241283,logistic_regression,validation,5days
2020-11-02,1.0,1,0.9607173556055003,logistic_regression,validation,5days
2020-11-03,1.0,1,0.8603368328410906,logistic_regression,validation,5days
2020-11-04,1.0,0,0.4508237773625489,logistic_regression,validation,5days
2020-11-05,1.0,0,0.12775307230027338,logistic_regression,validation,5days
2020-11-06,1.0,0,0.16856153243895755,logistic_regression,validation,5days
2020-11-09,1.0,0,0.09581909833762227,logistic_regression,validation,5days
2020-11-10,1.0,0,0.11745484945899325,logistic_regression,validation,5days
2020-11-11,1.0,0,0.1617802246960291,logistic_regression,validation,5days
2020-11-12,1.0,0,0.2454980597075262,logistic_regression,validation,5days
2020-11-13,1.0,0,0.15730713525583323,logistic_regression,validation,5days
2020-11-16,1.0,0,0.05407842931498134,logistic_regression,validation,5days
2020-11-17,1.0,0,0.1078140672607386,logistic_regression,validation,5days
2020-11-18,1.0,0,0.3724865793266464,logistic_regression,validation,5days
2020-11-19,1.0,0,0.40768987667314893,logistic_regression,validation,5days
2020-11-20,1.0,0,0.8002686229814575,logistic_regression,validation,5days
2020-11-23,1.0,0,0.8326254780819218,logistic_regression,validation,5days
2020-11-24,1.0,0,0.7204395728332965,logistic_regression,validation,5days
2020-11-25,1.0,0,0.7774030742967517,logistic_regression,validation,5days
2020-11-27,1.0,0,0.8305030478717194,logistic_regression,validation,5days
2020-11-30,1.0,1,0.8694227836033324,logistic_regression,validation,5days
2020-12-01,1.0,0,0.7701942910237974,logistic_regression,validation,5days
2020-12-02,1.0,1,0.8820845544402645,logistic_regression,validation,5days
2020-12-03,1.0,1,0.9048048645195054,logistic_regression,validation,5days
2020-12-04,1.0,1,0.8438397418263522,logistic_regression,validation,5days
2020-12-07,1.0,1,0.8948606749614806,logistic_regression,validation,5days
2020-12-08,1.0,1,0.8981780703173123,logistic_regression,validation,5days
2020-12-09,1.0,1,0.9345625836516145,logistic_regression,validation,5days
2020-12-10,1.0,1,0.9576208722259392,logistic_regression,validation,5days
2020-12-11,1.0,1,0.9653851887209954,logistic_regression,validation,5days
2020-12-14,1.0,1,0.973499984388104,logistic_regression,validation,5days
2020-12-15,1.0,1,0.9439267998612935,logistic_regression,validation,5days
2020-12-16,1.0,1,0.9433754817264354,logistic_regression,validation,5days
2020-12-17,1.0,1,0.9482460112228087,logistic_regression,validation,5days
2020-12-18,1.0,1,0.9485289040225587,logistic_regression,validation,5days
2020-12-21,1.0,1,0.9485448241778326,logistic_regression,validation,5days
2020-12-22,1.0,1,0.9558978299901617,logistic_regression,validation,5days
2020-12-23,1.0,1,0.9673064387299115,logistic_regression,validation,5days
2020-12-24,1.0,1,0.9744675846388587,logistic_regression,validation,5days
2020-12-28,1.0,1,0.960017791103573,logistic_regression,validation,5days
2020-12-29,1.0,1,0.9544424986655345,logistic_regression,validation,5days
2020-12-30,1.0,1,0.9500087734658971,logistic_regression,validation,5days
2020-12-31,1.0,1,0.9622381184659359,logistic_regression,validation,5days
2021-01-04,1.0,1,0.9484346125847759,logistic_regression,validation,5days
2021-01-05,1.0,1,0.9369028883297484,logistic_regression,validation,5days
2021-01-06,1.0,1,0.9285438672017452,logistic_regression,validation,5days
2021-01-07,1.0,1,0.8501014192687668,logistic_regression,validation,5days
2021-01-08,1.0,0,0.8141687295415955,logistic_regression,validation,5days
2021-01-11,1.0,0,0.7930276317383311,logistic_regression,validation,5days
2021-01-12,1.0,1,0.9040931080345405,logistic_regression,validation,5days
2021-01-13,1.0,1,0.9069081919351629,logistic_regression,validation,5days
2021-01-14,1.0,1,0.9502524098497237,logistic_regression,validation,5days
2021-01-15,1.0,1,0.9403491533102679,logistic_regression,validation,5days
2021-01-19,1.0,1,0.8853919058472391,logistic_regression,validation,5days
2021-01-20,1.0,0,0.7044853814404072,logistic_regression,validation,5days
2021-01-21,1.0,0,0.719597460190556,logistic_regression,validation,5days
2021-01-22,1.0,0,0.7576484054120539,logistic_regression,validation,5days
2021-01-25,1.0,0,0.779861225707626,logistic_regression,validation,5days
2021-01-26,1.0,1,0.8896956423774628,logistic_regression,validation,5days
2021-01-27,1.0,1,0.9370760615512812,logistic_regression,validation,5days
2021-01-28,1.0,1,0.9428830235183686,logistic_regression,validation,5days
2021-01-29,1.0,1,0.9832302751800555,logistic_regression,validation,5days
2021-02-01,1.0,1,0.9535702230168617,logistic_regression,validation,5days
2021-02-02,1.0,1,0.8910113441150995,logistic_regression,validation,5days
2021-02-03,1.0,0,0.8332986350653281,logistic_regression,validation,5days
2021-02-04,1.0,0,0.777514781443532,logistic_regression,validation,5days
2021-02-05,1.0,0,0.6851770123058266,logistic_regression,validation,5days
2021-02-08,1.0,0,0.590676960165153,logistic_regression,validation,5days
2021-02-09,1.0,0,0.6959438522848894,logistic_regression,validation,5days
2021-02-10,1.0,1,0.8478612405717632,logistic_regression,validation,5days
2021-02-11,1.0,0,0.7887896581224146,logistic_regression,validation,5days
2021-02-12,1.0,0,0.6856408988010291,logistic_regression,validation,5days
2021-02-16,1.0,0,0.6627109347148153,logistic_regression,validation,5days
2021-02-17,1.0,0,0.7696443381246528,logistic_regression,validation,5days
2021-02-18,1.0,1,0.8430139057388742,logistic_regression,validation,5days
2021-02-19,1.0,0,0.7856475249896018,logistic_regression,validation,5days
2021-02-22,1.0,1,0.8652255589468559,logistic_regression,validation,5days
2021-02-23,1.0,1,0.8404914133825031,logistic_regression,validation,5days
2021-02-24,1.0,0,0.7906194473387277,logistic_regression,validation,5days
2021-02-25,1.0,1,0.8912950749411549,logistic_regression,validation,5days
2021-02-26,1.0,1,0.9262641521913061,logistic_regression,validation,5days
2021-03-01,1.0,0,0.7151749407311567,logistic_regression,validation,5days
2021-03-02,1.0,1,0.8436427473199998,logistic_regression,validation,5days
2021-03-03,1.0,1,0.9433654080909634,logistic_regression,validation,5days
2021-03-04,1.0,1,0.9766486621905041,logistic_regression,validation,5days
2021-03-05,1.0,1,0.8963188765076253,logistic_regression,validation,5days
2021-03-08,1.0,1,0.9358710803743329,logistic_regression,validation,5days
2021-03-09,1.0,0,0.7565580124714845,logistic_regression,validation,5days
2021-03-10,1.0,0,0.5769403207938151,logistic_regression,validation,5days
2021-03-11,1.0,0,0.2868429857689758,logistic_regression,validation,5days
2021-03-12,1.0,0,0.19188965710100409,logistic_regression,validation,5days
2021-03-15,1.0,0,0.10470063944121923,logistic_regression,validation,5days
2021-03-16,1.0,0,0.29933330781859674,logistic_regression,validation,5days
2021-03-17,1.0,0,0.30607449339930204,logistic_regression,validation,5days
2021-03-18,1.0,0,0.5070209818436123,logistic_regression,validation,5days
2021-03-19,1.0,0,0.4416643884214926,logistic_regression,validation,5days
2021-03-22,1.0,0,0.5521795857104488,logistic_regression,validation,5days
2021-03-23,1.0,0,0.6762251386232196,logistic_regression,validation,5days
2021-03-24,1.0,0,0.8208381028786986,logistic_regression,validation,5days
2021-03-25,1.0,0,0.766483215799095,logistic_regression,validation,5days
2021-03-26,1.0,0,0.5993964769175393,logistic_regression,validation,5days
2021-03-29,1.0,0,0.6918971620353895,logistic_regression,validation,5days
2021-03-30,1.0,0,0.810976964803681,logistic_regression,validation,5days
2021-03-31,1.0,0,0.7689784959311565,logistic_regression,validation,5days
2021-04-01,1.0,0,0.5642609252430895,logistic_regression,validation,5days
2021-04-05,1.0,0,0.33852522532072576,logistic_regression,validation,5days
2021-04-06,1.0,0,0.4444789754012611,logistic_regression,validation,5days
2021-04-07,1.0,0,0.4813336675192024,logistic_regression,validation,5days
2021-04-08,1.0,0,0.5052977511296857,logistic_regression,validation,5days
2021-04-09,1.0,0,0.35840069161185906,logistic_regression,validation,5days
2021-04-12,1.0,0,0.5343552362113018,logistic_regression,validation,5days
2021-04-13,1.0,0,0.6534163774227585,logistic_regression,validation,5days
2021-04-14,1.0,0,0.7684620264208277,logistic_regression,validation,5days
2021-04-15,1.0,0,0.5810319913304763,logistic_regression,validation,5days
2021-04-16,1.0,0,0.6706016385332946,logistic_regression,validation,5days
2021-04-19,1.0,0,0.7882587955031449,logistic_regression,validation,5days
